SET SQL_MODE = "NO_AUTO_VALUE_ON_ZERO";
START TRANSACTION;
SET time_zone = "+00:00";
--
-- Database: `catalog`
--
-- --------------------------------------------------------
--
-- Table structure for table `stuff`
--

CREATE TABLE `stuff` (
  `id` int(11) NOT NULL,
  `Title` varchar(255) DEFAULT NULL,
  `CatId` int(11) DEFAULT NULL,
  `AuthorId` int(11) DEFAULT NULL,
  `PublisherId` int(11) DEFAULT NULL,
  `ISBN` varchar(50) DEFAULT NULL,
  `Date` date NULL DEFAULT NULL,
  `Description` varchar(5000) DEFAULT NULL,
  `CreationDate` timestamp NULL DEFAULT current_timestamp(),
  `UpdateDate` timestamp NULL DEFAULT NULL ON UPDATE current_timestamp()
) ENGINE=InnoDB DEFAULT CHARSET=utf8;


INSERT INTO `stuff` (`id`, `Title`, `CatId`, `AuthorId`, `PublisherId`, `ISBN`, `Date`, `Description`, `CreationDate`, `UpdateDate`) VALUES
(1, 'Core RuleBook', 1, 1, 1, '978-1-64078-169-6', '2019-08-01', 'Pathfinder 2E Core Rulebook', '2023-07-22 12:00:00', '2023-07-22 12:00:00'),
(2, 'Bestiary', 1, 1, 1, '978-1-64078-170-2', '2019-08-01', 'Pathfinder 2E Bestiary', '2023-07-22 12:00:00', '2023-07-22 12:00:00');

ALTER TABLE `stuff`
  ADD PRIMARY KEY (`id`);

ALTER TABLE `stuff`
  MODIFY `id` int(11) NOT NULL AUTO_INCREMENT, AUTO_INCREMENT=1;

-- --------------------------------------------------------

--
-- Table structure for table `category`
--

CREATE TABLE `category` (
  `id` int(11) NOT NULL,
  `Name` varchar(150) DEFAULT NULL,
  `Status` int(1) DEFAULT NULL,
  `CreationDate` timestamp NULL DEFAULT current_timestamp(),
  `UpdateDate` timestamp NULL DEFAULT current_timestamp() ON UPDATE current_timestamp()
) ENGINE=InnoDB DEFAULT CHARSET=utf8;

INSERT INTO `category` (`id`, `Name`, `Status`, `CreationDate`, `UpdateDate`) VALUES
(1, 'TTRPG', 1, '2023-07-22 12:00:00', '2023-07-22 12:00:00'),
(2, 'Books', 1, '2023-07-22 12:00:00', '2023-07-22 12:00:00'),
(3, 'Games', 1, '2023-07-22 12:00:00', '2023-07-22 12:00:00'),
(4, 'Miniatures', 1, '2023-07-22 12:00:00', '2023-07-22 12:00:00');

ALTER TABLE `category`
  ADD PRIMARY KEY (`id`);

ALTER TABLE `category`
  MODIFY `id` int(11) NOT NULL AUTO_INCREMENT, AUTO_INCREMENT=1;

-- --------------------------------------------------------
--
-- Table structure for table `authors`
--

CREATE TABLE `authors` (
  `id` int(11) NOT NULL,
  `Name` varchar(159) DEFAULT NULL,
  `URL` varchar(159) DEFAULT NULL,
  `CreationDate` timestamp NULL DEFAULT current_timestamp(),
  `UpdateDate` timestamp NULL DEFAULT NULL ON UPDATE current_timestamp()
) ENGINE=InnoDB DEFAULT CHARSET=utf8;

INSERT INTO `authors` (`id`, `Name`, `URL`, `creationDate`, `UpdateDate`) VALUES
(1, 'me', 'https://localhost/', '2023-07-22 12:00:00', '2023-07-22 12:00:00');


ALTER TABLE `authors`
  ADD PRIMARY KEY (`id`);

ALTER TABLE `authors`
  MODIFY `id` int(11) NOT NULL AUTO_INCREMENT, AUTO_INCREMENT=1;

-- --------------------------------------------------------
--
-- Table structure for table `publisher`
--

CREATE TABLE `publishers` (
  `id` int(11) NOT NULL,
  `Name` varchar(159) DEFAULT NULL,
  `URL` varchar(159) DEFAULT NULL,
  `CreationDate` timestamp NULL DEFAULT current_timestamp(),
  `UpdateDate` timestamp NULL DEFAULT NULL ON UPDATE current_timestamp()
) ENGINE=InnoDB DEFAULT CHARSET=utf8;

INSERT INTO `publishers` (`id`, `Name`, `URL`, `creationDate`, `UpdateDate`) VALUES
(1, 'Paizo', 'https://paizo.com/', '2023-07-22 12:00:00', '2023-07-22 12:00:00'),
(2, 'Games Workshop', 'https://www.games-workshop.com/en-US/Home', '2023-07-22 12:00:00', '2023-07-22 12:00:00'),
(3, 'Wizards of the Cost', 'https://dnd.wizards.com/', '2023-07-22 12:00:00', '2023-07-22 12:00:00');

ALTER TABLE `publishers`
  ADD PRIMARY KEY (`id`);

ALTER TABLE `publishers`
  MODIFY `id` int(11) NOT NULL AUTO_INCREMENT, AUTO_INCREMENT=1;

-- --------------------------------------------------------
--
-- Table structure for table `condition`
--

CREATE TABLE `condition` (
  `id` int(11) NOT NULL,
  `Name` varchar(159) DEFAULT NULL,
  `creationDate` timestamp NULL DEFAULT current_timestamp(),
  `UpdateDate` timestamp NULL DEFAULT NULL ON UPDATE current_timestamp()
) ENGINE=InnoDB DEFAULT CHARSET=utf8;

INSERT INTO `condition` (`id`, `Name`, `CreationDate`, `UpdateDate`) VALUES
(1, 'New', '2023-07-22 12:00:00', '2023-07-22 12:00:00'),
(2, 'Used', '2023-07-22 12:00:00', '2023-07-22 12:00:00'),
(3, 'On Loan', '2023-07-22 12:00:00', '2023-07-22 12:00:00'),
(4, 'Assembled', '2023-07-22 12:00:00', '2023-07-22 12:00:00'),
(5, 'Painted', '2023-07-22 12:00:00', '2023-07-22 12:00:00');

ALTER TABLE `condition`
  ADD PRIMARY KEY (`id`);

ALTER TABLE `condition`
  MODIFY `id` int(11) NOT NULL AUTO_INCREMENT, AUTO_INCREMENT=1;

-- --------------------------------------------------------
--
-- Table structure for table `status`
--

CREATE TABLE `status` (
  `id` int(11) NOT NULL,
  `Name` varchar(159) DEFAULT NULL,
  `creationDate` timestamp NULL DEFAULT current_timestamp(),
  `UpdateDate` timestamp NULL DEFAULT NULL ON UPDATE current_timestamp()
) ENGINE=InnoDB DEFAULT CHARSET=utf8;

INSERT INTO `status` (`id`, `Name`, `CreationDate`, `UpdateDate`) VALUES
(1, 'Have', '2023-07-22 12:00:00', '2023-07-22 12:00:00'),
(2, 'Want', '2023-07-22 12:00:00', '2023-07-22 12:00:00'),
(3, 'Ordered', '2023-07-22 12:00:00', '2023-07-22 12:00:00');

ALTER TABLE `status`
  ADD PRIMARY KEY (`id`);

ALTER TABLE `status`
  MODIFY `id` int(11) NOT NULL AUTO_INCREMENT, AUTO_INCREMENT=1;

-- --------------------------------------------------------
--
-- Table structure for table `status`
--

CREATE TABLE `format` (
  `id` int(11) NOT NULL,
  `Name` varchar(159) DEFAULT NULL,
  `creationDate` timestamp NULL DEFAULT current_timestamp(),
  `UpdateDate` timestamp NULL DEFAULT NULL ON UPDATE current_timestamp()
) ENGINE=InnoDB DEFAULT CHARSET=utf8;

INSERT INTO `format` (`id`, `Name`, `CreationDate`, `UpdateDate`) VALUES
(1, 'Hardcover', '2023-07-22 12:00:00', '2023-07-22 12:00:00'),
(2, 'Softsover', '2023-07-22 12:00:00', '2023-07-22 12:00:00'),
(3, 'PDF', '2023-07-22 12:00:00', '2023-07-22 12:00:00'),
(4, 'Box Set', '2023-07-22 12:00:00', '2023-07-22 12:00:00');

ALTER TABLE `format`
  ADD PRIMARY KEY (`id`);

ALTER TABLE `format`
  MODIFY `id` int(11) NOT NULL AUTO_INCREMENT, AUTO_INCREMENT=1;

-- --------------------------------------------------------
--
-- Table structure for table `owner`
--

CREATE TABLE `owner` (
  `id` int(11) NOT NULL,
  `Name` varchar(159) DEFAULT NULL,
  `creationDate` timestamp NULL DEFAULT current_timestamp(),
  `UpdateDate` timestamp NULL DEFAULT NULL ON UPDATE current_timestamp()
) ENGINE=InnoDB DEFAULT CHARSET=utf8;

INSERT INTO `owner` (`id`, `Name`, `CreationDate`, `UpdateDate`) VALUES
(1, 'Snotling', '2023-07-22 12:00:00', '2023-07-22 12:00:00');

ALTER TABLE `owner`
  ADD PRIMARY KEY (`id`);

ALTER TABLE `owner`
  MODIFY `id` int(11) NOT NULL AUTO_INCREMENT, AUTO_INCREMENT=1;

CREATE TABLE `ownerAssociation` (
  `id` int(11) NOT NULL,
  `stuffid` int(11) NOT NULL,
  `ownerid` int(11) NOT NULL,
  `formatid` int(11) NOT NULL,
  `statusid` int(11) NOT NULL,
  `conditionid` int(11) NOT NULL,
  `price` decimal(8, 2) NOT NULL
) ENGINE=InnoDB DEFAULT CHARSET=utf8;

INSERT INTO `ownerAssociation` (`id`, `stuffid`, `ownerid`, `formatid`, `statusid`, `conditionid`, `price`) VALUES
(1, 1, 1, 1, 1, 2, 0),
(2, 1, 1, 3, 1, 1, 0),
(3, 2, 1, 1, 1, 2, 0),
(5, 2, 1, 3, 1, 2, 0);

ALTER TABLE `ownerAssociation`
  ADD PRIMARY KEY (`id`);

ALTER TABLE `ownerAssociation`
  MODIFY `id` int(11) NOT NULL AUTO_INCREMENT, AUTO_INCREMENT=1;

-- --------------------------------------------------------
--
-- Table structure for table `tags`
--

CREATE TABLE `tags` (
  `id` int(11) NOT NULL,
  `Name` varchar(159) DEFAULT NULL,
  `creationDate` timestamp NULL DEFAULT current_timestamp(),
  `UpdateDate` timestamp NULL DEFAULT NULL ON UPDATE current_timestamp()
) ENGINE=InnoDB DEFAULT CHARSET=utf8;

INSERT INTO `tags` (`id`, `Name`, `CreationDate`, `UpdateDate`) VALUES
(1, 'Warhammer 40k', '2023-07-22 12:00:00', '2023-07-22 12:00:00'),
(2, 'Dungeons and Dragons', '2023-07-22 12:00:00', '2023-07-22 12:00:00'),
(3, 'Pathfinder', '2023-07-22 12:00:00', '2023-07-22 12:00:00'),
(4, 'BloodBowl', '2023-07-22 12:00:00', '2023-07-22 12:00:00'),
(5, 'Pathfinder 2E', '2023-07-22 12:00:00', '2023-07-22 12:00:00'),
(6, 'Warhammer Fantasy Role Play', '2023-07-22 12:00:00', '2023-07-22 12:00:00'),
(7, 'Plastic', '2023-07-22 12:00:00', '2023-07-22 12:00:00'),
(8, 'Team', '2023-07-22 12:00:00', '2023-07-22 12:00:00'),
(9, 'Warband', '2023-07-22 12:00:00', '2023-07-22 12:00:00');

ALTER TABLE `tags`
  ADD PRIMARY KEY (`id`);

ALTER TABLE `tags`
  MODIFY `id` int(11) NOT NULL AUTO_INCREMENT, AUTO_INCREMENT=1;

CREATE TABLE `tagAssociation` (
  `stuffid` int(11) NOT NULL,
  `tagid` int(11) NOT NULL
) ENGINE=InnoDB DEFAULT CHARSET=utf8;

INSERT INTO `tagAssociation` (`stuffid`, `tagid`) VALUES
(1, 5),
(2, 4);

-- --------------------------------------------------------
--
-- Table structure for table `image`
--
CREATE TABLE `image` (
  `id` int(11) NOT NULL,
  `stuffid` int(11) NOT NULL,
  `imageType` varchar(255) NOT NULL,
  `imageData` longblob NOT NULL
);

INSERT INTO `image` (`id`, `stuffid`, `imageType`, `imageData`) VALUES
(1, 1, 'image/jpeg', 0xffd8ffe000104a46494600010101006000600000fffe003e43524541544f523a2067642d6a7065672076312e3020287573696e6720494a47204a50454720763632292c2064656661756c74207175616c6974790affdb004300080606070605080707070909080a0c140d0c0b0b0c1912130f141d1a1f1e1d1a1c1c20242e2720222c231c1c2837292c30313434341f27393d38323c2e333432ffdb0043010909090c0b0c180d0d1832211c213232323232323232323232323232323232323232323232323232323232323232323232323232323232323232323232323232ffc000110800c8009a03012200021101031101ffc4001f0000010501010101010100000000000000000102030405060708090a0bffc400b5100002010303020403050504040000017d01020300041105122131410613516107227114328191a1082342b1c11552d1f02433627282090a161718191a25262728292a3435363738393a434445464748494a535455565758595a636465666768696a737475767778797a838485868788898a92939495969798999aa2a3a4a5a6a7a8a9aab2b3b4b5b6b7b8b9bac2c3c4c5c6c7c8c9cad2d3d4d5d6d7d8d9dae1e2e3e4e5e6e7e8e9eaf1f2f3f4f5f6f7f8f9faffc4001f0100030101010101010101010000000000000102030405060708090a0bffc400b51100020102040403040705040400010277000102031104052131061241510761711322328108144291a1b1c109233352f0156272d10a162434e125f11718191a262728292a35363738393a434445464748494a535455565758595a636465666768696a737475767778797a82838485868788898a92939495969798999aa2a3a4a5a6a7a8a9aab2b3b4b5b6b7b8b9bac2c3c4c5c6c7c8c9cad2d3d4d5d6d7d8d9dae2e3e4e5e6e7e8e9eaf2f3f4f5f6f7f8f9faffda000c03010002110311003f00e7ef74f478d9875ae72e202a76b751dff91aec22963b8888520151d3b8c566ded9acf1194606de1b15e2d1aae2ed23ebabd15515d1850bee5e7ef2f0691d46f2690a982e4961f2f471fd69e7ee9f6aecb6b74715ef1e57d0bfa4dce18d99386cfcbfe19ff3d2acc850abec90aa03f3313cb1f415cf4a4f99b8121bd456d47b7cbc449f2c6a026ee466ba22f43c8c5534a7744521644dd0c1120ef24b59ba85ccf7912c1f684988601628e339cfb536f35311b18e1412483ef3b7201f615d0781ac2eae7c4316a3730482de3889491930aed8c003f33f9568afb9c92b2441a0fc3ad57567125da9b1b72b90d22fce7db6f51f8e28d67e1fea1a169336a1717768d0c7b72232d93938e38f7af596d4a281a2077286c0dc50e377a1c0ff00015c77c54d502e856b64ac0b4f2f9848feea8e9f9907f0abe632526d9e7ba36952eb57e638df605009603a7615d2dba247235a48248664ca618ee048f43deb27c33ab7f67db4b6ebb2392560c65db96e3a0e78abb7b3f916fe6f985a47c80739049efcf43594dddd8de2ae50d5efa4bdb95b777de907cbbbb9f6cd68f866f869fae5b3cb2ac76eec1670e0942bfed0f4fe55956f120009033d4e6ac657696c0f6ae79abe87b1420a30b33da2f1b5896ec3e9ad6371a73a29572fce770dd820f3c67d3b75a6b7fc24415365be9c4903765d80ce4e7a1e98c60fd7a6307c4a668e3c2aa02ededd29228d48e5724fad61ecb42953bbb267b7a9f118b3976c56493878fcbd87f873f3f53e98c7bd4c25f12b48c1a3d3923de70c724eddea077ebb0b1fa815e25e5a1c2ac6b9fa55886d900e63527dc566d246cb08dbdcf658a5f13b3a07874cc6537fced9c63e6c7be7fcf7ae9828000f3057cfab69167e6853fef914ff00b35bff00cf28ff00ef9150da1bc03fe6fc0baf68229b28361eaacb55da5d8fb1c6c670411d987b569095274dd132b951903d4567de2a4d1ed61807b9ec7d6b1836dda47a725a6855874a92eafe3b658d2e2f5f0b1db024e43630d26dfbaa01cf241c63d6aadee97f65b9786e2486c6541896de7660c8dd3e51825d4e0904678eb5d6f83f537b3f10c48c58c37a59244271b26080ef1c7219631c1e841ed51af8c6287e2c6a1657f142d6539166afe58dc87000cb75c13918e9ce7d6bbe0decbb5cf02ad49fb46de871173a7dcc1294689988c10c80956079041f4239a92ed6e20d254c704cae463ee9ea7bfe557aeb46d521f1eb786ec752ba16e2453193704048480debfc2bfcaa5f146c863b1d7344bcbf6d0ee1cc2e86f1cb2c8ac72324923728c8add4b631aaf9d58ade16f05ff6bc2d737a678a3c90a88304e3a9e4576179a45f5dbdbe97a6c52f931460055c8c8031cd654da9e9d6fe12b2d7ce8d7bb6e6e5e1f2c6b33fca00e0e739ec7b76aaeba26bfa9f83747d4349178f753c939b8717ec06d0d84c067c7af4e78aaf68deace5fababeacb53f87b5bf0c5ec7746391518e0a83b838ee0e2b5bc49e1c5f11e87e7c30bb5fc6b9819f20b0c8cae3b93db359173a3ea762be0f82ecdec7757f72f15f2fdb9cee0245000c3e07c849e2a5f1389b4487502da1de456c923c10de0d75d8ee24846f2f71cfaeda3dabb89e1d5d3b9c55d787ae62b6f362963b8641978e356e06704a1c61c03c12b9c1f6e69af6f787c889a198ed404fc87a9e7f963f2aea174f97c8f01a0fb405bb2c920172e3e5320cedf9be5ca9cf18fe9579f449878c2c5ecefaeef340b8bc6b6917ed52660719063721b2391907bff34eabb599bc29c632b9c6982e4267c89727a7c869cd14e8a0186538edb4f26b7347328d0fc43a9dfa5d5dff0067cd1c71c63509100cb10c32adc81c7ae6a94f769abf876ff50d38df69f73a798fcc8cdf492a488edb460b7208359eb73abdb68518ed2e09323c32e4f5f90f356a1b5b8639f224e3fd935d4ead693698418f459ee208e0596598eb92467eee5be52f9e39ac6f0cbcb73e1abfd42e20bdd4a65bb8a0b78ffb425889ddd412addb839352ef2572a388e4e8362b39107cc8cbea5862892e21b77c6edcc3f8579ab3af4179a769d6f7890dce97a919cab58c97a6e91e0c64c8c093850700e78a6c1041756f05dc112aacea4954e40604ab609ed9191ec4573ce3cab9a4f43be862bdabe48ab328bcb73747e55f2d3dba9a3ec52fa1ada4b608718c00324d49e4b1e42f07dab2f6dd91d1ec975d4c258994f9f6d7270a7ab0c60fb91528d497fd55d47b5b9c30e847f515537af1b46d5dd9c0ed531fb3cc8c8c4b0ec1bafe75e9d4c3c267cf50ccab537abba36343c36bfa344adbd9e769815e711ac722e49e839602b0e6b682eb59bdd7258167482fe4242dec7082448c54387e47d4751ef53e9b7cd65730490cab14d092b1f98864475dc1b6b6de41dc3a8cfd38aae2eeced5e610408d3bca6695cb4891bbeedc3099c1553d370ff0aca3074cd2753eb13ba231ac5fbea3abea52ae9ed7da842604946a10816ea700ed1bb9f94019fad2c9aade5de93a9585ec5a5cab76f1cb1b457d044b048836ee0a0e0e4601aad26adab89028d46f177f23f7ac307fc2b46d758d4c5b9335f5cfde193e71dc3e9cd68b5e867520e09c9f433e69279bc2f69a26cb01f67b97b8f3ff00b4a1f9b70c636eee3b77a75ebcf79e1ad2f47dba7a7d82495c4dfda709dfe61c918ddc6303bd6d5beb97997c6a374170083239c8fc89a7b789efdb5011c77533468aaa70e7e66ea47f214ddd7422849d59248ce4d4274b5f0dc1e469ff00f12499a50dfda90fefb7481f079f9791ef595aadbcda96af7b7f9b088dccef314fed085b6ee24e33b867ad7752eb17891a22df4a54aedde5b991b39623b803d7f014f496f2eecdcff6bcf0153f31dd9dbf8f6eb8a98be6574152b7b19b8b472cda94c13c3805bd803a2b6e07fb521fdf7ce1fd7e5e47bf5a7e91e21d4f44f105eea56c6c1a1bc95e496d1f51876924961ceeea09eb8aeaaeae2eac34f286fa691b19decdb8938f5eb5c45cebda9c8d12c7a8dd2808376246eb4dc5d9dd20a35554d89749bd1a7d8ea7657361a75edb5fba3ba36ad1c7b761240cab67a9fd29b7d7464d265d334cb0d2f4eb6b8757b8dbaa472bca57ee82ccfc01d71508d6f5b21523bebeda3ab990e6afc1acea6b1ed9350ba391d1a76cfe79a894adadbf13aa9d0737b8fbdd52c353b84b8bff000fe993cc91a47bceb8ab955181c0603a5654734f1e83a8e96b169c16f2749b78d422023da72140ddc8e4f7ad1b8f126a76e8bb6e666c9ea653c56b7f6b5f346b24770e01008dd2963fa5294a514b4fc454e9466e49cad629d84f71ab6806ca798a6a36b03c51dddadf41fbc830498e5f9f3b46339e781f9ddd3e5b4b0d0f4e579023080e17192d97625be87a8f622a84ba9cb3073751fda9c82bb8bb2654e32adb08dcb9038359b757377753bca64c3b92c7000cff00854ce93a8acf41d1af4e84dcaf737aeb5c85540820385ff96921da33eb547fb7e6ff009f9b7fc8d622c12b38691b2df5cd5af241e48c9f5db4e384a69152ccea5fdd46c47a534d3b094365beeb27cfc76cfa539ed6c6c5fe6df22070a5d4e49c9c1c0a9ed23f3a0fb64b2155de115a36c0e3ae411db8f4ac7d46e5dc4871b4a1527be7e61cd75b9743c68a6cd892df4f470d6a0ec272a58aee0c33d40fe759cf676fe5bf9f214273f3b80547bfad5ad3625bf8a21107f3b66e6de028ebdbe6e6a9ea87c993eccc0125c21c1cfd6a64fa1ad2579119b5b4b5b62cf7d1cc146739c7e18eb552149f5294436f0484f04e0676afa9ec3f1acfbbb3964d42e0411b48429908519c2e3713f415b569a9d9c3a262de444b898059f3f788031807b0a71a2a2f999d357153aa951564ba96ed1349b76f225b94b9b9c1dd0960a037a64673524f756cf94fb3c6b8feea631e95cb5ec10c88648d1632ab9528000df97d2a4b4b8616c866249e8093da94e7a686d421c925196ddcd1935092de455888ea33215ced5f4c1fc6b42db5892484c2644504ab7ccdb41c1cfe7c555d3add2f34f96165277b064db804b0ce393f53daa832470ed8a59636f75fbb9fad10e5b1cd8ca7373bdb436af6f639e20ae46ecf6ac0689a09d10e3e6e54fd3b54e2521006d8011c0538c8fc69ae4850e149da79279c03ff00ea14e51ba39f0b370a8bb0d9a070406333eee9f37152d9db97fba9c7427a0abb6973e63058ecbcd1d77bb61547735af008966df3c71c76a067287e673d80fc6b0d52d4f4aa5557fddb33574879801310a9b4b055aacb6462d41a725d618576a8cf5f4ff1ad58b534132ab5bc2f9e07de0c3dbae2a598c72bef5e1323729fd697b4e5399c6527a94dadb27792db4e3861939fd29b2472217f2c0d8bd3e61939ea3078fd6ad4e533b3cac2f38ee3d467fc2b29a766919430ce300f4c1f4a14ee0a9b624d6324b324aa76a6dc11191c1fa77edd2a1f2a01c1967cff00b9ff00d6ab4669e18f695ddc0ca95c8a8bfd189cb79aa4f5008c0ad2334c995371763a89afa06d24c1247134830a8fd1b1fe456035ca46b26d4df30206dc76f5ad28ad619a33208949603e64e3a74f6acf6b768e5668c03293b49ce38f7ffeb54ca493b934a1ccac8a46e5808964519c98e33b086c633cf38fff005d4778924ba829da4e230fb477278fe959faadfc73bdba5bb11e48249e9f367ffad5169f3a9bb5926dee589dd97e79e983eb5ac62dda4c4e4a0ed1352e6f8c36f2442d82cf3a04de48ced1ed8c83db20f4cd62bc125b4658fdc2474ad99e513dd24451836372e4e71d7a1fc2b564234cb786ea782de7b37223911c658e7b807d3fad4cea72dada9d10a6aa2727a1cc5a7953cde4f9e137f7917e5ffeb56e5e44cb00fdca93b7aaf422a5b3d1a29357dfa5175ff96f1a3738c7cc006eb5b167a0dca7ee8433159242b12609e7d057256af16d3b9eb60e84a117192b5c8745d167b8f0fdf5ec8047fba64880e3071d7eb5c8cda6df19555a2ce4e17047ae33eb5ebcfbadf415b28e32b91fbc2470bfd6b9396de30b2dd4f22431a9c10fc7e46b1c3e35b937626b6014e9bbcacd1c7ea13345768aafb80503270781c7f4a52e6556547cab7f74f5a86712ea7a8cd340998d0e01e000a3819cd596b78b4e80b1977cac3b0c2a03d7af24f6af593d3de3c1f64dcaf05a23a2b6b7586dade2241794838033c76feb56e5b78ca8f2ca6769504f03d091fe35168c86f75079e11cc630a319ea0f4fe55bc74f69af0064e8aa028fe2e38fc857938aac94fd0f530f4ad139f8b4e2b70b216458893b431e78ea7ffd7578ac6abb3e405feeb138c9ad7b7d22449bca9954024e0aa9e9589a9786d65d5a113dfa792cd911b3e18e39c015cf1ab1a92d646b3a765a22a6a523c70ecc8f31f9257b8ac788a16cb3e581eb8e2b6755458a7932cce56351bb6e39f5c7e358b2a8f253185238e7ff00adcd77e1d73c0e5c44fd94ed6b9a96f29c2e58bc64649a9ce8966c4b09dc03ce3774ac7d26f3cbba6b790e524f941c771ffebae8338e369ae7aca74e564ec76d170ad0bb253730dbda476ef2c51c8c32ac1874f63dbe9fa5655b379c5bed25ce390ca79e99fa5173b6e2357914376048e47e3524504915a968946f099058719aef766ec78716e31ba38bd42c7ec93b84def1eec2b918cf19c7d6ac691691c8ef737209862e760e8e71d33dba57637d64d73a22472cb01791f79b711fcc3a67040c2f4fc4572576f22442054d9183f757a56f1aa9af32e9d2e6f7ba0eb095a7d4d5e5c0c1c003a019cff5af469b425d77c33358c4556e40f321de700b0edf8f23f1af33d3c95bd4ce339ce2bda7c2d26eb35d8dc85c956e6bcdc7ca5071947a1e9619274a516727e0168a2d56dc4cd9da3cb742a7319ddf74e7debe833656c563db021dadbd0803e538ea3f3af0ad18c907c449a2fb39b589e45654951149048ce39c1e77639af7c8e45640476a743925524a56bb499963a778c1c7b1e57e3e8bcbba90c6c6291d7e671c1519af2a97466bdd526b99d59e1e8b97259ffda635f466b1a143abcfb9c00dd0824e187be2b90baf0279648494845e4803aff857046acb0cdb4b4bbd4eec3d5c355a71856e8792df245a75b02106070a8a3001f5fad72773249349993763d3a57b17883c1b2dc2c4911501396dc76e7f4af3ad634f8a099e3474320c02b1ae46471d7f5e2bb7078c854eb76658f8f3694f489dd78134832c0d70a48190b8f5e3ff00d75e936ba3ed652b0658b6d24f63d4d65783ad2382c608c85f9b96dc703f4aeb7ed9688fe5cefe5f400b1c71f535e654fde557aee6352aca3eea4605cd928912768caf185c8ac1d46ced6e0abcc88cf1be50100e0e7a83eb5dc5f0592004ec6000dac5b903d8571fa8f94258e21bb2cf5cd2bc5ae5e86f879f3ad4f3cf13406282e362e577a28ce49e99ae6de44689958edc1e7f5ae8bc5b71b23ba50b9db247c11c7ddae62ee531b48971115c6d6c1ee08c83f957bf82e67495ff00ad8e3c6dbdadff00aea46094b84917682af90d5d8433249046ecaa4b28248239e2b894219830391f21c13ed5d1c3707c88f00e368c608f4aac4c6f60c2cdc6e59421d62570cd83cfb7f9e3f3a9a3749a1629908ed9f9707a704fd3b7e550d9be2439562a10f4fcff00a0aa7692c71c91446452f1b1057392a4715ac5fbae47135ef28966ee7107946391965de14a83d47d0f4fafbd451e9df6f6937a8c4cdc374e49ed56ae2549307ca47552598118c8e7233d7d2a3b7d56df4db59269d18c48d98d41e49ec335136fecee7a3838a54dc9ec656a5a19d16f23cb0704f515dff84ee95a2d8110b6382e7815e6b2eab3eab72247db85e42d751a16a1f66cb1b566c0c8cfddfc7b5658aa7295349ee6d465177e5d997fc753cb63add86a292bac7247e49921046d2093807a77fd2bd4bc3be2082eb4689e052511791bb2df5fc79eb5e452ea6faedd4b6d2e643bf8888ca8000c1c7ae6bacd02f22d2e468c28504004280063e95c18a8b8c236d248d2187f6b06b7b1ea1657f1dd86644641d8b71515dca559be6247a7635856baedac331592411904f0e719c55287c71a66a3e288b478626656562676381b80ce00fcf9ae373ab5a9d96eb538de1dc277b6837c496f25e5834693087775663815c0bf85bceba5b4b255b875706498a9050fe78238af6392da0b8431bc68ea7b119150dc8b5d3e2124d24712b305049c0249c01f9d73d2af56927c86deda2d59a32b46b59ad6d910928ebfc5ef599e33d4e785a096db886dd1a4919b9e3e5073ebd7a574b290a382307bd66dc246d1490c8bbd24528c33818239ace962e6a6aeae16e67cc243afc5aae9d05dc03313ae557b83dc7e62b16ee612ce06407dc7f91ac4d3625f0f5c4f65e73cb68d2130b3f5c9e00fd39ad57b9b5b25fb75ea3ec52446a833bdc0ce33d06073cf1d2bd09d193abc91d9f5febb1ad2e5a70e66705e2d72d2dd06c9c94078aa0f6e9aaf87e775556bad3986eea3742c4e3fef963f937b56e6a4d6bad248d207b66c8f95bef11ebc1229743b0b7b1d5d775dbc915c2b433c441fbac30067d33835ea50a8a94145ee8e6c4529559732470ea19176ed555c2648e4f1c75ad2430f96bfbd7e83b0a96f745bab3be9606225f21c83f313919e0e29cb0c8140318ce3d6b7a938c92b333a34a4afa162e2ce5b9b2510a867055f04e38cff00855e36b1c309112c626273938fa139ea69ad292a1949f941e077ff003814e9088814db217c004a9e29a9a6d451c928495e4ccfd4a392d9426f0cb3286efc1cf23f4a58218ef2d1ed67198e4183ce08f422975498ae9d656d236e70ce493c1eddbf3a7e9ccc4828015c7358d46f96e7d0e5ca0e16b68fa1cc4d69369378d693052472ac3a3af622b5ad6fbcab52b82ccdc019c73fd6a4f1942de5da5ec786119314841ce33c807f5ae72295e67502bae95ab535291e6547f56ab2a6be475be1a921b5f1043e6c989a556381d863ff00d7f9574d3385b9692361c1e41e80fe75e6e5e4b6d62cae2327716033d49e71fc8d77314de748a87006493ee7d6b8f1b4ed691dd95b73a925d88f58bdd42431982df646adb7ce660324fa73c0e3a9acdb8b99edd6199a28bcf1f3c72a3e31ff00d7aeb5ededc6973492e3cb03e72fd08fad72f60629b5481e18b74111fdcf983ef9ea58d6186a8b95da3a2fc4d31515cfa3dcf4df03f88e6d674b0b752ab5ec5f7f03195ec7dff0aadf12f4bd575cd1ada0d394385981950360fa03f41939ae6ef3c45abf961eda578d028fdd20e7f338fe557f4cf18a983cbbd7de197efb9c67d8d704e9d5a75156a715e865f55735cc883c24dab689e309f42d56f64bc89ed7cd89d9cb018c6319e9dc5761a902f6ac3ccd8a79c9e87eb5e797f756f1ebba55fa4e4c603c720494928841e011dba9ad39efa592e912d269658080c036583770467b5456a539548d55a69ae9d5053a293716cc6bdd58de5fdbdba4f1ec70f86eca3206ee3e84f4ef5b96971692d84da55ddfc5766542a92dbeec2e7ae78fc33fa572baf7d9a3d53c8b48563f94194a2e0293ce00fcab5ac960d10acd828a1c8576562bf5dd8c715eec69d3741546b5e9dcf32ad49badc8b6296a9a34905ac519981324815183678ec07eb525bd93796af24615d1b7236e04f1c71803d2b3b5af10dc5f6a57b2da153696eaacc5fbc9dcafd7fa56b69ccba859fda64ba314513ef28a075ea7731e6b92aa9c209c8f470f384e57649e20851efccc3ef491a9271fe7d2b07caff39ad43ab43ac6a71dbc2ca635050303d4003e63ed568e990027f7ff0090ff00ebd4f3ba7a48eca4a338268c2f376440e3927b54b13c85da4dc0ac8720118dbc74cfe155e0964b877431861b5890140c707f91c5244255744490e33c2bf22bb5c7925a9e05fdac344646b5762e35a489010218fca607fbdc93fad6be92d20d3a698a02e91964c03c639358aa82f7c457b24ae8ac8edc01c1238abba66b91581bed26ef8b7b846884a3aa646327f3ad670e68a8ae963af0f55d08fb47d6e91afa4cd6375e1cb996e9e3684011bc6c305989e31ef59e3c3b6834d9aeed66b8c16d8bbf04107dc015ca25d4b15b4b6a1b3148eacc0772b9c7f3adbd375d92df4d9accbfeedd94aae380477aaf61283bc1f53358b855d2ac75ee3ece1127905f39858329ec7fc9c574f644a0def800f73c60563e996c0b3493b150d9654099fc4f22b66e34bfb759f97e605c9052551922b9713252959bd0f6309174a8b925ef331bc41e21324a2de19498d480001f2b1c727dfad59d2ae2386e84b293b5a0cc640e376003fd7f3acbf144315ba595a5ba65e252ed21ea727193f9554d33517b68e58a57383fc0391c726b68528ba4b911e5cebc9576a675b25ec72a070dcfa9fe5586f716d2deba4e246454e154e029cf5aa372614b79268eee432ab1dc85f83e98adaf08e8536a658bd9ddb2bb7fac556504019ebc0c139ace34a34a2e6dec746271d29b8d3515fa1950224c678a3b9f2b0c3629058b67231c0fc3f1ad2d1a1d7ed6e23ba9646b6b5880dc256fbc0760a3bf6e715dbdaf8223b2b83711a08643d7321607fe023bd3756d052484b5dddb8b75e76200b93f5e493ed8ac9e32137cb6f75f74723a4ed7bfbde4614f2d96a19d41e29649a598aa47160027b7278c7039f71c573922c56897621bf385dc115588460785209e4019239f4eb57efe18e1d66ccc0d26c82312450ec277ff0010c11eb9e738c73d6b064b39ef2e1b7401518f1b7eea81c019f602bba3cb6b27a1c894af7ea44d3492442dade2631463cc9760ce31dc9fc2b434eb2bcd4d1e159c416c0f99292c40e78031dcd6be8d636f1b359df3ca23942b6d8f8c8523827df815d7e99fd9b6f24ca9629013cae79523d89ae1c5637d9dd42373d0c3e179bde93d0c8b4f0fc7631d835b3173133ef2463e561ffd615a7f6243cee3f955c495ef83ac4f09c37cd221c851e83d7ebd3eb4a34f8f1cbc84faef35e3cebca4fdf7a9ead29c62ad05a1e7eb79f62653e43b0752adb06703fa528992da44cc8c33ca86f9bffafdfd6b32d24deb6eb1cac5e300b0ddc118ad2d59227d3e49f80cb08236f4041c0e3f2afa1ab15ce9347ce61db5176672f3417d6173f6d23197244839524f51fad41a85d437b389d2231c8c3f78b9f949f51fe157e7696eec0ca0a471a12c236e7776e2abe9da5fdaf7bc93471222ee3b892719c741ef5d69a4af2e863694bdd8f53395188dc05749e16b6678eeee44685605dccef8f90609ef4f4b2b68e28b61132c87687518da7b020f3cd47656f7b04f7105a6248ae6364963271c1e98f7a5539674dd9978773a5553b6bf796a0f1430d235054850dd39011e41b8853c123e9fd6adf86f50b9b8b6f2e699f629c7270056258e9fe4ca6def63457fbca7703ec464771e9daba9b1f2a18a6b38a58a3f3f192e704e3d3f3a53c27353fddf536a18f942b73d47b1ccf8c0e35b4914b10621c9f504e6b2ed9d7cc0c55727a922bb79b466bfb1227f204d01fbccc08753dc1ac19f4231cebb93118ea6319aaa307ececd6da1962a71f6ee51774f52843a52cf0798aeebf36dc907e73e83debd57c01e27b9b8d19b4fb947b89ecdb6a824e4a1e9fe15c75dbd9cda5240ac96f1c237607cc7827e619c67ae3ad56b0d6974f0cd66c55d54ee761b5c838e3f3c71c9ea6b9aad375e938fdc6924a949687a45f6a6f3eab0fdaa63132315102b0daca46391ce4f7ed8accd5e49ee74a9658199ae615618247dd3df1c718fcb8e2b0f54d5cc1a642d24e0ea4e44918ceec2918201ebf9f7c8aa06f359b68e3b3bb5f26ec3b44d24fd1d18746c7391dbd7f0a7469a952e56b609d4519a71dc9aed9e35d3ef234f31a38823a776523b7bd559352799830b79b70c01e62ede0702a1bbd54d86c85a169111402ea723a76e3a553975669258e4540abb8719fe759c28cbed229d48ad99d3e83023cdf68bf6df6bf7a765e4b107023c7a7f3fceb526b2999e59ecad336b2396085f7107a60f7ac85d51ae6e24578a386251868d89df8241e73ce38fa735d3f86e493eceed826076dd1b31ea3fcf7ae4c7cd5287340eac2a6db9319a15bdd2c934b2c0511d028c9ea413f8f7ad8db53bca181c1c1150ee6f5af9f9d49549393563d1bb3c4ec1c44cee1d218dc8f999771f6ad4dad77672dbced83bb6868c677f420e2b1bfb3a1171e54f3146538209ea3d41ad9b782dece045b6b82543ef27b9e3d6bed2a2525747cbc1b8b2d697a0a58dd497a8ed342836856192beb91e94cb9b068bc40f7512afd8aea32b94180871d08edc8abf697b710033090aee250beec96c8c8a6ca96b7fa8c5e6bc71904315e9148472370ec338cd7237394b99ec76d2a94e31516b54ee5fb7f0e5b4b6892cf90770d8ea0823a64fff00ac55cb6b4d32c6f639879692e7940db895f523d7354740469d905fb6a0b7caae27494c9e5ca39c64fdcd9823078c638cf14ed21b5237da6efb773233b8bc8ded424712e7e52adb476c630c73deb29464eeb98ee7cb7bd88f58f87f25de9f2dfe9ba8094c61a4f2255c16cf27e6cf27181d07415c25b59dec770b32928f1e08279ff3f4aeff0043bdf10b44c2ec5d468d6533624846247190a14041b48c67049cf6a6e9d686ef4175b95b85bef95d83da9455c718c845e4e7a658715d10af3a71b4b5b1c753091949b466daea5334004fb5248c1f9953e5607d463af14d12994b61c7b6d1c7f3a97504d73fb46fc20bf110921459d649408723e66541c30e0e7d2b43519aeed66d523b4b360ef0c1f613159abfcd81bf955201f5c9ef5bcb1551c6d1221828464b99dce50e99abcf74f1416e5a10d95965e147e7fd2a1bbd22e61d90c662cc583249bb1b8f5ce7d0715dfab5cdc78a25b39d5c5a6fb76848b5dc87e5cbe182e3ae39271d7e959da47da26d12fdeee1b87d44db4a5237b31b411f74f31819e83193d7a7a73c6ad45ae8692a3197538337b33010615c6e1c9505891efd40a75e6a33fda94088c2b1b86f2fdfd7dfff00af5d4a25ec70cee6c2192e7ecd13dbb3db2a6d94e03a8ca2ef6c64ede471de96fe076b8b8682d52e59514dabdcdb84959b3f3054dabe66064e08383d3dfa156d76317857dd1947538becf1ed25b70e4ff779e41f43cd4d68628a48ae9a25214e624c64002b52e209921d51acecd6628917d9a492cd44ad965de0294191d79dbc7ad375286f5f4b912e34f823d939f3d628553cb3bf0be5918cae33d32739ce00ac9d9ab2ea6b6943df6d3b189e26bb8b5836d7d6ab20942949171d00e87f535de7872f09f0ed86dc80b0aae09ee38fe62bcf658cb4a8fb8ab1672fb7b9278ab569ac5d69cc556e37203feadb906b0c4617da5154e3d0bc362211aae73ea7a71bb014331e9dea2fed18ff00be6b263bc171648d8dbe6206e6ab6e6f5af1d61d753db714733a8c31dca2cea84ec1c903a8a8acda25e4382338da4d5c4bb8cc6b1f983e6e9e95556c199ced313479f94679fa0afa35b59b3e4aeb748d58204b98a40ce71190c08e8d8eb51c96c921128c1d9f7428e1a9f05ce608ca1c845da00c0da3e9fe3512092386474b9656562ca00e40cfafae2b9ed252d19bc650e5d51a1697771144d19ba9bcbff9e6d865fcaafdbea7049b56693684395c0c1c9ea6b162d7ae5d9a46bc2d939388d783f37238ff0069bf3aba352334017ed9f290c398c77c67b7b0a99d1d6f6fb8d6189e556bfde68ff681861748ae90e70550a0c1fae0f1fe7a75a93edb1c532299888ce4b30192b8e98f98f6eb594d79a8c7e5ba5c2c8aa8155b62f40081dbdcfe7542f356d495763401d0e79418e1860fe82a3d8df4365888f5456bf974db5d566ba9751bd496539d820ca1e3a839eb9fcb3dea4956d12e22bcb5bc9bc8989370369e573c301dc91d7dea86a5e26d66de3b50937968aac88b2468d81f2fa8ff00657f2aafa7f8a7599ae9617b90e8c02b6634e005db9ce3b0cd76aa72e5471ca70bb3a349f4b9bc8297cea58e1731f2477ea7faff00819a38ad5ed678fcf99a562571b71f2faf5e0e2b0e5f10ea4b3334370822321718853a93927a7ae4fe34fb6f10de44240f206f31b7b1d8a096fcb8a874a49680a706ff00e0049a2591b70925dde958d8924419dbc8c639c9c8cf6eb8fad64cd65a734e9f65d4e7f30120fda212bf4c1ae84f88ef0a4cf15c1264c3326c504b0c632318ec3a7a546dab5d48ab0dedca37dd911d422142a723a0e306ae2e5fd7fc313270febfe1ce7edf4f9e694c9e69372ac4321e3007bfbe3154d5a7b2b8009e5486539e39ade9fc49ab7dac88efe3b90e7e648e150c406dd8e17d49e41a9afef750bdb32d76c0d94a4650aaee207439033c13ebdeb4e6975445a3d19986e4cf16f8d4e3d0763549924f3099011b8f5ed4e9ae26b772a9188c12385180d8f5c75a9e3613032a0ca7753556b2d049abea7616732fd82208fb942000fad4bbbdab9fb3be4b7882b390a3803d2ae0d56d703f787f235e44e8c949d91f4b4ebc2505aa39ed22740c16455603a035b716a11432860aa8071da8a2bd6924d9f2c2098091a485c383d0a9047d2a682e219dc3b32c3cf43cf23b8e68a2b3715b8eef635e35b8308119b4913b2b2f5aaf34b7b0a1cd85a95ee4003fad145677d40ad3dcdc34659ec9028000651dbeb59cf7fb1774836a0f414515ac69c64b5452a928bd198d23c5a8f993cecc4a70ab9c0151daa7d9c3953866ff00d07b51456d6b2b221b6ddcb0e8db54ed2030fa8352a59dc3f288557beee28a2a64ec0234132328401cf7dbd07d6a53a3c735c7da26908571f32a7738e79a28acdc9dca5b1234b0d8811c36c8831d54e73f8d249a9c52c261911b6918eb9e28a2aa314f70b95505bbc3e5cee6419e858f6e86a9a7fa0df6c0f9824e0127fcf4a28ab42259884738604938c0351f99f5a28a5634849d8fffd9),
(2, 2, 'image/jpeg', 0xffd8ffe000104a46494600010101006000600000fffe003e43524541544f523a2067642d6a7065672076312e3020287573696e6720494a47204a50454720763632292c2064656661756c74207175616c6974790affdb004300080606070605080707070909080a0c140d0c0b0b0c1912130f141d1a1f1e1d1a1c1c20242e2720222c231c1c2837292c30313434341f27393d38323c2e333432ffdb0043010909090c0b0c180d0d1832211c213232323232323232323232323232323232323232323232323232323232323232323232323232323232323232323232323232ffc000110800c8009f03012200021101031101ffc4001f0000010501010101010100000000000000000102030405060708090a0bffc400b5100002010303020403050504040000017d01020300041105122131410613516107227114328191a1082342b1c11552d1f02433627282090a161718191a25262728292a3435363738393a434445464748494a535455565758595a636465666768696a737475767778797a838485868788898a92939495969798999aa2a3a4a5a6a7a8a9aab2b3b4b5b6b7b8b9bac2c3c4c5c6c7c8c9cad2d3d4d5d6d7d8d9dae1e2e3e4e5e6e7e8e9eaf1f2f3f4f5f6f7f8f9faffc4001f0100030101010101010101010000000000000102030405060708090a0bffc400b51100020102040403040705040400010277000102031104052131061241510761711322328108144291a1b1c109233352f0156272d10a162434e125f11718191a262728292a35363738393a434445464748494a535455565758595a636465666768696a737475767778797a82838485868788898a92939495969798999aa2a3a4a5a6a7a8a9aab2b3b4b5b6b7b8b9bac2c3c4c5c6c7c8c9cad2d3d4d5d6d7d8d9dae2e3e4e5e6e7e8e9eaf2f3f4f5f6f7f8f9faffda000c03010002110311003f00f35527807ae30b8a76e254a8e067aff4f7a51c4792319ede9ef5132290580e00e99a081cefc05070ca0639a154a9200218e39ed5185c26ee4f6f7a977b7961f1973c62908bd6ccf3462dada3cdcb1dc0e38451d49ad0b3b49a141e518ced0c5924046483d4fbd5bd1f4d5b48959c334e4891d4705815076fd3e6fcc55cfb3c37d3baca5628ce5893c0e3b1f6ce791eb576b19b666d92e2ea24b4b613b6c678e22095ea739cf7c11f962b66dac74b836dfdf5b398e6ce51a36dc840f97054edc741938cf5f5a874bd12feeafbed1f697b6690988e090c8fd40f718e79ea38f4ad4bdb5bfd36ee65866b80ca8b35c49ff2cdddb6a81b471d9ba73f9629df4035340b5b4d4235636d2471c6c06c7dbce3a74cfb575ba5d8c7651ed8902c6b9c2e3b7602b0b418a68143c8c5d645f98e72030e38ce0e0fe35d144cd918efcd5a4234ae0ac861627e6c60fe95b8ad1b8daa79c6323b572d23b33a76c9ae8e34f21338e4f534a45c4c2d7fc3d6f7d6d31569a468e32e017ddf371dcfb0ae0bc3a62b1d7a58659618ace650d6c1f801cf0c14f404e338e339efcd7a6dc5e84f91a30430208232083eb5e7dacdb4705ecd11894c4e7705232b83db1e959ce8aab1e46694eb7b297322df97e281338922b0740cde5bf2095c8dbc03e9bbbf61c8ece953c4a19952d74d65c9dbb99fd78e33e9fd7d06683699a39b37b85d22ccf42156dd33d074e2b31748d34b998d8c1b493b4792a001c75e2b91e01aeabee3afebd1ec74cc3c4cb1dbb430d9f99e54be6ae3e5f333fbbef9c63ae3bf7a706f1460168f4c041e400dcffabef9e3acbdbf857ae6bca22b4885fac7e5c64799b7ee823ad5abfd3ad155c44d1a30f998bc63819f6151f5476dd0bebb0ec7abe99ff090497683508ac16dca658c25b706c9c7072318c7f93c6fac67272735f303aed99864e3f2a9423e431538edc52faa3ee0f151ec5205d83118cf427d6a2d8c7715232304034f39e71820f6a5551e6b3925b03233eb5de719a363a53dd5c23183cf9245dd159c61d9e5ea173b4615770e4b11c02456a6a7a0b697a8456fa9f9163306c3108fe55c271f346406cb7382bd78c8073563c27ac1b3d52c6e579fdec56d7316386562638dc1ea0aef208e8411deb53c5fe349342f89762e551ecade0513208d4be1f7670d8cf00838ce0e2b8e539f3d91d90a7070228ad25bc856e21569924dcfe7a46c02edca85c1008605483c71ef56f4bd16e2e6f22924b4916052188915b0c01f43d3dab99f881a51b6f155bbe912b98b57c4b146926d1e63360e39c0049079f535635fd0acd742b85d22690ea7a2144d50fda18897720cba82d8e181181efed5a46b3b26fa912c2c6fb9ead0d8ab3ac8d1b7cadbc0c77c62aa6aeed3a8b55b6924491089088cfa1c0fd4d799f86e4d2f51f0eeab752e80b2cba5daa3991b51994ccddc901801c02781ed4dd0b4f5f1558f88ee2c34c114b0c500b3845f3e22724863b99c672013f371daade25eb742faaaee7a0d85e5e0b8b5b76b599618f3b898cf27deba259cfda628d1243bce33b0f1c1ff000fd6bc82dbc25aa587857c417bac5a913c10c6d6920be0db0eef9ce11f1f77d7f0ad5874029e1fd12e20f0ec1a84d756a259e49758680eecf181e601c8c1e297d6594f0d1e8cf42d5fc4da76937d04371e79654124c6288badba6edbbe43fc2b9ef5da3dcacb0878dd4a9018153d41af9ab478a1d574ef17de4166d0c71d9a98e217aec23e7246770de3e5246ecf41f8de4f0d43a8f83f48fb0ccd0f882e2092e16233b11768ae46d196c060307031dfdf12ebc93d4afab46dbd8f7bbb08e9f37385e0f715c7f89ed2e1bcb96df1b42e0903737e55e4d2e987ed9e0e81a2286f9556e90cccacec25dadb816c83b7e9cf4e69753bed1ec7c5175a3cda0810c77260f362bf9b785dd80df788ce3071f8552c44ba221e162fa9df28bc92c895b794481f0319c6738391c76cfb5362b1b82ec278de4071e60f2ce00038c1c72738ae3b49f0f0b797c4f1496c9a94ba7cd1476c2e2f1a1043139dc43a81f2e3af71c562ea8251aee976274c8ac249245de90ea0d324aacc00c9dc76f43dfbd0b10e4ec85f544ba9d35ee9f731ea3298ed2731ef0c3f76718ebe9497ac416122f39e548fcaa79b468e5d76eed6dfc2d11d2edee3ca96f1b54910a2f196c193b67d0f4ac2d3ae5d3589f476ba7b9d3a595d6c1e724bed1bb63a923943b71e9ce6a635ae4cb0b65a332ef89fb5970a0023200f4ab863f36388a96662a32abda8d76d7ecd3c67b3271f81ff00ebd3ec977d8a008412482c0f5c7f91f9d6c73743254610960391d6a38d4cdf2e7041fc4d5aba4654f2b662427000a58acbcb91371e319cfb8a1b2ae5bd26064bbb7dd92f73796e910507276ca8ec703a003bfbd5cf145826b3e2fd60b46245b478c36cbb8e1755f2d01cf99c104f008e87af5151c2fe54f022388648d8c91b94deb965dac18020e318e41c8e7839addb2d121d4b55bbbdbd8bfd26f240b3358cd2246a9b4e57390581c0dddb38c573f2c9cee97f5a1d70a9154d26ce6db59ba93c4d63aac967a6bc1a7c6b1da5a1d5a0c2051f292dbbe620f3d0741e949a6eb5ab5ace0deae957b035b4b6d2c5fda16d1995642589660d9272739ff124f77a830d3512da20982a3fe59850a074dbed5cf4fa85e312a97454fb55ba2d2d90d5552d4e674a373a5e99abd908b4e946a30ac5bcead6e0c401ce71bb9e71e9d29fa59bad3746d634ff002b4d946a51471990ead6ebe5ed6dd9c6f39e71e95bcbaf6a36e55249811c6d2c324e3b7e3562efc4fa8b1dcd34511c92a9120038f723347b363f6bd0e6b4afb5699a2eb1a7793a6c835248d0c9fdad6ebe5ec62c0e379cf3f4e94bab9b9d574fd26d4c5a6c5fd9f6e60dff00dad6ede6739ce378c739f5eb5ddc1ac5cddd91ba91d10648f9171d3d457329aaeab35c2afdaa78d59b92c4803269ba525a8e35d5f632b4a92e74bd3357b33169d37f68c0b0effed6b75f2f0739c6f39e71e9d29b753df4da768d6b09b1b7934a127973a6ab6fb98b3efcfdf18c1fad7a5416775240865ba6440a0654ee66ff000fd6afdae93a74d30492f3501938dc24519f4e36d1ec67bd90beb506cf33d535cd4b59d6749d52ea1d33cfd3f6160baa5ba898ab06c9f9f8c9cf4f5a9a5d52ca4d4e4d4d7c35a3fdbda533f9b26bc8ebe6139dc53cc00f3ce2bd66f3c05b509b4d62e54ff765c303f962b85d620d67459425c4d26d6fbaead956fa547b192e9f98d568b396b1d4aea14d5d753b5d37525d59d1ee036af0c5cab1618daf91c9fd2aa5e2dbb4f66fa7e8fa5d88825124817598a432e082065a43b4707f3aeae0d62e4a02d213f36493cfe15bfa4eaf1cea63b88a3330fbaa235031f53d4d546936f4fd453ac96b63cf9357d462f184faeac7a684ba622e2d7fb4edd964420065277fb67a56b2d8247e26d3eea17b97b416f2fd961b8ba8e568542391b76337c8a78049192475c574facc8f1d9ef5442aac091b46083d88ee39aa5a625a436465484e1c081bcc95a5da8bcaa2ee270833d287424a5633789834ce73c416b225b412c84162c4641cf1fe4547a2616390b1c0c8f7c0ad9d7235934b2aa1731b0738e0139e703f1ac6d19d229e58df91b78fceb76b53896c4169006ccee18924ec00558f966836ab468016dd9395538e39ad4b5b10e18ae4055638fa542b60a3e52c1b782a4742477cd73b7d4d0c9b7125c5cc20baa3b10a1bb66bd1745d39eded14ce8a1801db9c839ce47b9ff39ae3f4a5449d5e28cb82e7e541bc2e08c71eff00d2bbf96758f4e469b209519740463fc2baa8a5bb224737e2976fb4298c1398c64fbe6a9e9be12bbd4edda76ba8e1600b468ca497c609fa7514cbebf9b732960f9390dd71550f88350b71188ee24468cfc9c6383c1fd289495cda3169199296b69631751655b904f4356ae6d60bd365e51554620b103a9ce08fc3afe356a1b882e5121bbb5664da0367d7dbbfff00aeae0b2d3eeadd56ce171b1bf78a7233c718f7ebd2a1abec536fa94b50b98ac74a16b1295527ae7ae793cd57b662ebb18fcea809fe7fcabaad17c396daddab5acd195800cb30fbc0e71907d78ae574dd0e77d5e2b4691a3324a118e701b07047d78aa92dae4c2563a9d063be955e50ac2cd460e41c16f51fd6ae5cdc14c60e0839eb5dae99e4c21d59479491e36e3f86bcb752d4e29ef663699584b9281bd2aef65622dcd2b9ebba75d7da349825707732862cc7924f53edc9af3ff1fc93437b63307916165756218ed0411dbe95d2f863504bbd0d630d9921f95bd7d4572bf11435c4b69665ca8d8d26075ce7ff00ad532d8717ef1c65e5d26c2d0bed0a79c00013efc574be187f36c1a663feb1b3f293d4571d169b7b776de5c16971712abe5a519c2838c03fcff1aef34ad364d274fb7b79b1e694defb7a024f23f0e94538eb71d59dd585d6066c25dac70ab923d79158f62a25b69501656073b94d6f5fc43ec5383c928d8fcab9fd325f2e39fd700d54f7302a5ff9cbbd080e1d0e0838fd2b16d24315d07ec41ef8ae8ae0170c08e4f3cd73f2c5b0ecc7438ac98d1d1cb7a2d25b25521639640acc7ba9e09a866b9569639817db1a1236a00413c1fe9cd57d49a38a68d42f490300a0f1919ff3f5ab5a84b1d9db35b17024976a807a93d71c715cef5491b3d8bbe1fb658edc47b6456dde6a9e70c0f5e7fa5687882e4c163bd4380d8efc134fb6b78add773e54a44a18b2e067d41f4e7149ae5a4979a19f2d7708ceec0f4aee8ab42c629fbc729636f79ab5d982d62f3643cb1e001ee69baae85a8e9efe63aa384e73173fa1157f4677d2df2ad82fc6e1daba79353864b3915c2cc472005f9baf6c56692ea743933cfc6a69102254e5c650e73fcbe95d5680a3fb284a147932b673d30d8191f874aad7f63a535dc7776bb654c12f1a83f2923bf1c027d7bd6968b1bdb696a5957c9279507bf14477149b6b53a5f0d0113dd2f1920107f3ff00eb53bfb3f4fd365ba9ef1a3db764806438552496ea7a1ce31f4cd64dadc3da5c0910f03903dbb8aea04df6885651f75bf4ad5ab98a76286893c97169e64a1b3207009182cbb88527eab83f8d7915b36230bb49901d8140e49ce3f3af5aba9d16e23b679bca1286cb06da4818e01ec4e47eb5cf689e1986df56b9bd78982c52b0811ba673f7bdfdaa651be85c25ca69f84b4db8d32ca492e98acb3e098ffba074cfbf34dd6b479b5cd50899424281544b9e768e4e3dc926b763e992464d124a029c7514f956c4f33bdcc197488eca111d95cdcc283b6f0f8ffbe81aa6e2f16053752a4a51880ea9b4e3dfb56d5dbfc878e6a84c43c2f19ea47eb55621b29437026730b23602f2e4719f41583a6304ba9176e410460fe75bd032abe1f23d0573711f2b55940246d9187eb59cba3027bd6790ee08ca31c64608ac3bb858b648e4f35bf34b96656359972aac464e454b409957c4378214b61b32ccc5b767a60631fad24b0b78826440ea8eca1c30e81b1fca9350479ed23570a5432852792323d6b01af27b44bab26768d87c8f86c13cf4f7159416c6fab893cfacea00bd8b5dcd245cc6c9bf703ce3f2adef0af8b25d3a45b2ba90c962e7009e4c44ff004f6ae32d5cf9c17198cf0481938fa5751a45b69da7dcbdfc972b2bc511782371c349d81c7bff002ad949dc6e29c4f4e7d0ac2e4ef68cab1e7f76719a5b4f0a69f3212d2cea7711c30e9f9572de05d5f56d5354bab8bc333daca8c5188611a1047caa3a77faf15e8b032c7175f998d6aacf531d53b1c8eaba29b09185bcd24b19e0ab0ed50e9f305b6f231c1c921ba60d7541d7edecedcaa024f38ed5cb05f32491d54052c4a8e98cfb5271ec3522cf03e5eb8e9f4ae82ca40b648a0f4ae6e42c50ba052e1780c703f3aab2f89e5fb0ac1a641e65d9387dfd22fae3af3f87bd36d25a93bb37756d62c34d5596f6654009dbea4fb01c9ae5752f8901536e9b66cce7abcdc01f403ad72ba9ddfda6f647b9792eae33862080aa7d07b53d2ca1ba84496db95475563f4ac2555ad8b513a6d33e2490eb1eab6db519f978070a3dc77e715d5c3ad59de026dae124503390707a67a7e35e5b1c10f9c6386262e39667238f703031f8fe959aa932e6642f1bab152eb9041f4342abdc6e27b04d3331383daaa877f3be650131cb16e73f4c572ba2f8a59e38ed351389321566ecde99ff001ae97cedeb81db915ba69ec64d588aeb2ae593b9cd73d764c7aa3b818c90dfa0adeba0aca19bad615ea96b8df8e36d67534042bbee918f63504a3238e697710c0f5c8a40727a548cc17bb26d63507a49dfe95b3a55e58db691a85eccb048e9f32c6e065d8f03391c8cfe58ae56570b2431939507771dbd2a269a48a76b78e5f3627c75edff00ea34a2ada9adafa0f85ada1b7572b225d863b406c023b13f8e7f2ae8acfc117778b61349a85ba4777f315270ca08cf00f5ae76ded9ee66d819ce738214b64f615dcf84becf69a85bdb6a7a65c7db99808a77ddc63a020f4c7b510b5ecca9bec77f67650d859c56d6ebb23894281dcfb9f7ab01c155cf4158726a7796dacd95b5d185a3bf490a2a4655a26419c124fcc307af15ade61584657fc9ae8473b295dc9318e5f287073b8fb567421d58ab2103af22b76040e09719e7354758923b281ef2e1c2c63039fa76a2e1d0e135fd5de7bc7b0b766586325652bc176feefd2a8cb6ed6f02c8a0864381818f6fe7546eb548a5d72e2e5bf75148db82f53ffebff1ab926a71dc321042c4c8571e9cd724db948d12b22af092cab81e6201907bff009cd4da75f08ae4a00a09206c3ce71d735561db14f2ee21b72ed51bb3803be6b4a06d3edededaeae1b0ebb8b0f51bb8cfb66a5e8558ea2d74e4b6bfdc622639636f9d549da719eb9c82063ffd750be8fa7ac3208a2661f75983eedcd8e841008e7bf5abf15e42f1c0e934532c8be6798841e738ebebd73558c8b673046997648a1c306f9437d7be79e7d6b9eecbb1c76b3606ceef620dc8c3d3afa9ad8f0ade34893db4afb99086524e4e3a63f0c0fce9b7d0c17529224224dbf740c67d475f5e82b16da5f22ecc91395703009e3e6f435d34a7633923ba9c83f7b91f4accbb5462bb303af1eb53c17cb7b691c91801987cc3d0f71514c7078dab8ebcd6f27732b145540393cfa5291c91b852c9d0b0c918ec3f9d5569599caaa8c8ea4f4acc6643c5e7b02c760c672c318ad2d074cb092e2417512cc14e1887c6d007603a835401ddb4c8db0367009efdf3f95577d68d9cdb2d1c461c81236c0481df19e3d6b395dab236476b736f6de4c5e5c6b0471e5410a17703c73c73d073ed5493c51069b791caa1a5589b0447c0618c632735a5a6c917db9f6c62448942b331c92c7dfb71fcea7d143dbeb32a46619273297237b06284820e0640ea3923b11ef51497bda84b6134a8f52d7356ff00848752b636b0c4862b3b739c807ab73eddfbe7daba1bcd46ced2d5bcdb98814c061b8647b62a2f12de35b68d752872ac130ac3b13c0fd48af2c549af55fecb0f9de482ef21fbaa31d4935d92938e88cad7d4b3a878a65bdd4bed22e258b637ee6356c6c1ebf5a8e5d4ee75903ed17124a23c052edbb19ed58296f3ea9a8436d6f0a896660a31dfdcd753aaf862f7c33e4c8b751dc5b3e0118da51be9dfbd64d36ae5b48afa7f850eaa5e7b9b868e10db55547cc4fafa0eb5aede1ad3ad2cded14888b72b7329e437b9fe9deb274dba9e1d42dbcb998869555d1493904f71df8aeec461ce0815714a51b225c9a7a9e757fa4be952e43c722b9fbcb9e87b8cd12c8b706d2ce3804682405cf5690e3f967271f4aec354b032dcff006759c4d392be64d1950aaa4f4f98630783f515ce5ecd6fa4df969626fb74433e5483e5527dc119fa8ac1c5adceb8f258bbf6ab55bc8edac508823c28047423afe6735d05c664b3f2e450e857a6338fa735e7f61a8f90e656524e7381815bcbab472421e42597fe7981c7e208e79fe559383b99b68cc9229af758367a5079df69665046140f724fb77f6a536f0da0713b4a974072aeb820fb8abfe189a2b4f137daa52556e43460b7625b8cfe58fc6b73c65a749750437b6e9b9e0c8755eaca47f9fceba54138dd19396a72f6b7cf6978d907cb73871fd6b7c2453056121901e410063f9d605b43f68b47751b80efeffe7357b489cadabc43921c71df91fe39a98be84c91a13a858ff7730c03d3155245704f99cfbd5b51e5860a06fea030e959f782e8b6d5e771e760ef56c939296e032ae082c7232c38e73ffd6fceaa476ad2de2a3908a7e62c78017b9a432c82724e772f19eb8a59af1e5652472abb47f8d163747a2690f6f67a5b833c21c1dc54c80e38e3a7d2a5b0f16588b98cdddb13b011b826f23904104e08e47eb5c96f588afd8919327259c9271e94b2be674590c866201ce33bb3d80ae75752e63a5514d7bc7a7cb3e9de24d3a5b759fcc8a40372a9dae3073d0f23a560788b4b8b47f0ba5ad8168e059079d9fbd283c7cc7eb8acff000fe8da9b6ab04ef0bdb4119dcece0a31f6c75e7f957677d6916a365359cf9292aed38ea3d08f7079aec8de71d51c7523184ad17746078234d82dec6e35468c3485fca424745c0ce3f33f955cd774e3abd8987cc2b2a90d1b13c0238e7daadd8588d36c22b18e46644258b1e3713dea7dbcd5c63eed999b7adce73c3de1b974c95ee6ee549672368099daa3ea7a9ae9ed6304962a460e39c734d2095dab53460aa00461b1cf39a6925a20bb6eeca9ac5edb68b049a9ec2667db1ed07873ce33f4e7fce2bceb5a99f526173310f3ff0013018fc07b0ab7e32d6b5117034d9ded1a25903910a9c81db7124e0fb0aa68be7228c74fe55cf525665a57b14214504065607d874ad4461e50079e320331e7fa0ff3cd30dba9048ca91d3de892322d883f280383ea6b2bdca093f7f0b058f69183bbdbdff3ae9f4dd4a4d46c3ca60c658542b1f5f43fa57256d3c691485e4dbb46ec938adff085f25ca5ded89c3337129e8c07f2ea7fc8aba69a76265aea1716674fba1372ab3f0ea38f9b3d7af7a86d24fb36b4c8080270540f4ee3a7f9e6a5d4b56b69616b7855e6ef91c0183ea6b2a69256992e19584a39f7a99594b41ad8e925815397c1278240ff001a89b6c470ccc3f98ff0ab9a7cf06a368b72480e0e197b2b0f4a49954e4c503c8738c05c5682d0e2bc471b586aa4422258a61e602dc0cf71fd7f1ac689addef256285886fddf385c7d2bb4f10e9e350d15d80dd3db1f31403c95c7cc3f2e7f0ae2a78adda3468f2180c803d3dff3fd2a22f9a36368c8d87310b88417601c7cca064e7dab6bc3d25b5bea4e977b23b9500461ce767b67d715cb5928919242cca11836523393edc76ae86ec45acaf996ba6a82bc1977043fcc67f5ac64ba1d33936bc99bfa5de258decf6b24b303b9b1bd8040b9c8c73cf18e704d5abdf14585927fad12c9d3647c9fceb8eb8b0bdb118987c926482ac4fa773f8568583450cc64b78e30e4032027763f3ade151dac714e118bdee6adaeb3ac6a81bec76d145167fd64a338fc8f26b62d2d2e215df757925c487d8228fa01fd734965309adc4ac1467ae3a5586dc50edf98e3205752d8c9bec676a3e22834eb916f1c6259001bc96c04cf4f5e6b9ed6fc557b2c662b6952d948ea872c7fe05dbf0ae45ef6e5a599a4663333932061ce7bd496f74a5c21def2b70aa06493584a526cbe5b15670ce1cb16676c925bbf7adfd2a5125a07ce4e39f5157e4f046a26c26bdbab9b684c71973160b6d006704fad71b637cd66e78ca1ea3b8a8945d8a5a9d479e93466489f70f5c11546f6ef642416231efd7daa99d5620a7123019ceddbdeb3da792f275424ed2dc0a9511dae4f1dac9748d3484edeca3b7bd762679b45f0f6996b1a853716c5ddc0e7924e3ff1e354e1d3e292c9416556200054fb71fcaa9dfcb724456f2bb4cf10f2a151c9ea78fad352be8856b97ad890114445e67c6d5037363e828bdb9de84aa7311d855cf208feb5d4f85f41974b8cde5f95374e31b739d83fc6b07c4b7314fac5c148c00aa11cae06f3d7271ec71f850e16d41762f784f50f36796cde06466266dc8383d011ed5d2b45f3855711a7e47f91af3bf0fdd4d6dab22f99885c1424f3d7a7ea0575f3ce4aed2e58f7dc49154a5a0d4595ed2e55fe76ea31c839ae1b50d3d34ebeb9f3018e20f98d777553c8fd38ad28b509a26214107be6a5bf10df5b27980bcb1e5979e71dc7f9feb58c534c2134998177b6def96380b98250aea5092761ebfd6b434bba30dc06799d2353fba4201254fa9aab68615ba0aca06fc051ede95a0daac91a4b12058a2c618101b3dfbf4cd68e2e4ec8af6b6dcd1bed54491247e6c6c51b7052739e08231ee09aceb8bf895d7ec8aea7702cac4e57d867a822b352759263301905be603b0e3b76a48ee91e42c389076f51f95385348cdb675b6fa848a91b5b891a138215bf51f9d6ec77d25bfcc6d6e0a0196dc846dae2ad2612a6217d9ceece7ee9f4a9e6b2d423bfb9ba8219ccc9a999625f2caab47927264dc36afb63df35152a3a6ec8df0f8755936dd8d9f10da586b9a7cd756f108efe24deb205c160392091d78f5af3c40d1dc2b6e3b8107777af4db192e57c4da87db5b517b46b875808626108723272766d00938c7a556d26d6f4dedd595f0bd9e2d9fb9be72f19c975ced0f90180c8f938c67ae4111f596fa1afd53953bc89a2d49fc4ba5ff67b48f6f36d0b32f432afb1f7feb5c2789f478b47d40c31be77724750bc0ffebf1e98f5aec2dd757b5f0f5a0792f57517b989e70d29f311374808dbf782950a4f63c51a9a5f4dac09079ada7198dbcb02c9952acb8326cf40c5883ecb47d63a340b0967a49753ccf191ec2b7741d06e7528de6b523cdf3a38515870776724fa000035d5da2ea275d7698cc2d4de4f82652418b1f28dbfc0a73c38e9ed8a9e0b8d52ca0ba824bd90ac733c30348f832479277ffb64e400dd80f7a157bbb587530ea316f98e73534bdd1ae059de46048adc329cab29cf20f719a47996e023b10cddfe95a5a97fc4decfca9e5c4f1f31bb30273e9f4ae30dccd148639382a70c2b5b27b1c9ca7a743abe34fb412ab4b29897233d78f5f5ae67c4c5c5e0b8806c6740d246474ed9c8ff003c55ad0f5159e1f20c619d1410c0738f7a26d225bbbf9a59e5fdc1f9820382dc700fb53bb2d474d0c6d3c88bc9b877625583003db1ff00d7aee08d832ad963dcd725a5e9d319d64bb4f2e284e021eac41fe55bed2b7400b13c8e314205a6e63476a2e61668dc2ca8d8607ba91d7f3cd456837349116046018db9fbdedf5aa9248e911923dc187a54b697492e5810ac0fcd8e87deb395d1128a44421ff4c23eeb60b004771504e64b7bc490b16046e3f2e791526a173e75c46b1b91b3d1ba3134bf609cdca86dd207ff005726428cf5209e956a57567a0ecbb14204bc9bcc9a18259727f78550b0dc738cfbf5c55e5b29bcb8e7fb34892ef24c6632011d7fad58d263bc8de455bc36f03105fcb00b12a723248c0c1addb2bdb180ed9755d42591c11b222a03671df183d052f7ba17685b5b942d24870629aceefe55ce208f9521867393d31bbf1c549f66d3ce5c7f69a83c80aaa3bf723b60d4777ac3a4e45b4b7112052a164901e09c91c00003e955d75fbcdcdfe9739dc36b6d3f7863183eb50e337a94a708ab5bf03556dac64548b66a2265dd9119400f271c1f6c67df356a3781608e390ea529424ee210b01cf423db3c1f4ac34d5ee22904be6344c321486da464927a74e49fce927f10cde5c6be7349f79793f741ea07d734b96a5f462e7a6fa7e06bcd1697ab5ec4d3a5e5acad88cb1230e723b9079fbc3db8e6acb786ada0744596695015690ef43b973ce31df19c5733a9eadacd9c8b1cb7174ae0ee46907239ce41f5f7af47d2960bed0ad273f34aaaaaed939e98fc3b7156a9c9bbbfcc994a0968bf0ff82703716ba31767f2f54540e4b7ca980bc8fcf38ebee2a4165a45bbed71ab8e33b4c4010727dbd07e60d2789ef750d3f557b69a594d9cdb9a2dc4918270c39ef9ce7ebef4d1ad5ddc0cb6a3317f52d93d0faffbc7f3351284d14aa53dedf81259c31c8f95fb56e5386dcbd0f6c8c7a573bad585cff6accf1dbcae8df36e54241e39edec6b525d43538a59e55ba7633e04a48077f18e73ec6a8dc6a7aab39737520de3041e411861d3e8edf9d5c5c9093831ba25dc9a7ea47ce4646d85487182338ed5d32eb4646d8631c8c2e0f7f7ae602dddf5dc97577234b33e373b1e4e0639ad886f7fd1442f1ae40f9b9c67df8a7764decf465f7b873c3008c48e37d5696ff1feab0483c93505ccd04b09f2f11b28e982491e82a94504d31250e17fdae28b92d9199962ce197774c135590a2b37eeda476c1dcbc019a28aa96e5c7b125a5cdbdb87f98b4a3aee5ea7db8a5b7bb4998897cc6e4f4c8c67bf14514b913dc576b6219626099673b5ba81ed4fb9733c71f9385d9ce33c8a28a68b5aa2cc7e64f180d8240e15b9aaf2addc7fea9b701d467a7d28a29bd098ae68dd9585c004accac5c762715634cb855d4a19644565460554f407b514552dc86b43b3d4a6875bd2ff007a8be7c47823bd5df0c5e7976135b138da4103f2a28add246327a195e3a1e7bda3a6330ab0607d1b1fe15c3a5c14da573c73cd14567512b974f545a4b89ae085450587618c1a9560b86c99140ef8cd145612d0a6ec293b3248600700e080dfa51e763e62a188183903d68a290f7150472cbbca004738f5a927bcf21c14ce7de8a2a92bb27a9fffd9);


ALTER TABLE `image`
  ADD PRIMARY KEY (`id`);

ALTER TABLE `image`
  MODIFY `id` int(11) NOT NULL AUTO_INCREMENT;
-- --------------------------------------------------------
--
-- Table structure for table `administrator`
--

CREATE TABLE `administrator` (
  `id` int(11) NOT NULL,
  `Name` varchar(100) DEFAULT NULL,
  `Email` varchar(120) DEFAULT NULL,
  `UserName` varchar(100) NOT NULL,
  `Password` varchar(100) NOT NULL,
  `updateDate` timestamp NOT NULL DEFAULT current_timestamp() ON UPDATE current_timestamp()
) ENGINE=InnoDB DEFAULT CHARSET=utf8;

INSERT INTO `administrator` (`id`, `Name`, `Email`, `UserName`, `Password`, `UpdateDate`) VALUES
(1, 'Your Name', 'email@address.com', 'admin', 'e16b2ab8d12314bf4efbd6203906ea6c', '2023-07-22 12:00:00');

ALTER TABLE `administrator`
  ADD PRIMARY KEY (`id`);

ALTER TABLE `administrator`
  MODIFY `id` int(11) NOT NULL AUTO_INCREMENT, AUTO_INCREMENT=1;
